from,to
Chicago House,Acid (electronic music)
Techno,Acid (electronic music)
Trance,Acid (electronic music)
Background Music,Ambient music
Beautiful Music,Ambient music
Drone,Ambient music
Dub,Ambient music
Easy Listening,Ambient music
Electronic,Ambient music
Experimental,Ambient music
Impressionist,Ambient music
Krautrock,Ambient music
Musique Concrète,Ambient music
New Age,Ambient music
New-Age,Ambient music
Space,Ambient music
Techno,Ambient techno
Ambient House,Ambient techno
Ambient,Ambient techno
New Age,Ambient techno
Chill-Out,Ambient techno
French Touch,Bloghouse
Electropop,Bloghouse
House Music,Bloghouse
Electroclash,Bloghouse
New Wave,Bloghouse
Nu Rave,Bloghouse
Nu Disco,Bloghouse
Electro House,Bloghouse
Electro Hop,Bloghouse
Balearic Beat,Bloghouse
Electro Dance,Bloghouse
Indie Rock Revival,Bloghouse
Dubstep,Chillstep
Chillout,Chillstep
Ambient,Chillstep
Bedroom Pop,Chillwave
Dream Pop,Chillwave
Lo-Fi,Chillwave
Hauntology,Chillwave
Psychedelia,Chillwave
Electronic,Chillwave
Indie Pop,Chillwave
Synth-Pop,Chillwave
Electropop,Chillwave
Shoegaze,Chillwave
New Wave,Chillwave
R&B,Chillwave
Ambient,Chillwave
Funk,Chillwave
Indie Rock,Chillwave
New-Age,Chillwave
Yacht Rock,Chillwave
Light Rock,Chillwave
Downtempo Pop,Chillwave
Crunk,Crunkcore
Post-Hardcore,Crunkcore
Electronic,Crunkcore
Dance,Crunkcore
Pop,Crunkcore
Hip Hop,Crunkcore
Heavy Metal,Crunkcore
Metalcore,Crunkcore
Post-Industrial,Dark ambient
Ambient,Dark ambient
Drone,Dark ambient
Noise,Dark ambient
New Wavepost-Punk,Dark wave
Club Music,Deconstructed club
Experimental,Deconstructed club
Electronic,Downtempo
Ambient,Downtempo
Bristol Sound,Downtempo
Hip Hop,Downtempo
Ambient,Dreampunk
Electronic,Dreampunk
Film Score,Dreampunk
Vaporwave,Dreampunk
Liquid Funk,Dreampunk
Hip Hop,Drift phonk
Memphis Rap,Drift phonk
Electronic,Drift phonk
Minimalist,Drone music
Ambient,Drone music
Experimental,Drone music
Reggae,Dub music
Ska,Dub music
Electronic,Dub music
Ebm,Electro-industrial
Post-Industrial,Electro-industrial
Rock,Electronic rock
Electronic,Electronic rock
Musique Concrète,Electronic rock
Tape Music,Electronic rock
Avant-Garde,Electronic rock
Pop,Electronic rock
Art Rock,Electronic rock
Metalcoreelectronic,Electronicore
Synth-Pop,Electropop
Pop,Electropop
Electronic,Electropop
Electronica,Electropop
Rock,Electropunk
Electronic,Electropunk
Musique Concrète,Electropunk
Tape Music,Electropunk
Avant-Garde,Electropunk
Pop,Electropunk
Art Rock,Electropunk
World Musicelectronic Musicelectronicanew Age Music,Ethnic electronica
Electronica,Folktronica
Folk,Folktronica
Downtempo,Folktronica
Glitch,Folktronica
Idm,Folktronica
Indie Music,Folktronica
Post-Rock,Folktronica
Art Pop,Future funk
Chopped,Future funk
Screwed,Future funk
Chillwave,Future funk
City Pop,Future funk
Dance,Future funk
Electronic,Future funk
Elevator Music,Future funk
Hypnagogic Pop,Future funk
Italo Disco,Future funk
Lounge,Future funk
Muzak,Future funk
New-Age,Future funk
New Wave,Future funk
Plunderphonics,Future funk
Pop Ballads,Future funk
Post-Internet,Future funk
R&B,Future funk
Smooth Jazz,Future funk
Electronic,Glitch (music)
Experimental,Glitch (music)
Idm,Glitch (music)
Electronic,Hauntology (music)
Library Music,Hauntology (music)
Film Soundtracks,Hauntology (music)
Psychedelia,Hauntology (music)
Public Information Films,Hauntology (music)
Sound Collage,Hauntology (music)
Plunderphonics,Hauntology (music)
Sampling,Hauntology (music)
Television Idents,Hauntology (music)
Educational Music,Hauntology (music)
Musique Concrète,Hauntology (music)
Modernism,Indietronica
Futurism,Indietronica
Industrialhip Hopno Wavepost-Punkindustrial Rockpost-Industrialnoise,Industrial hip-hop
Industrial,Industrial metal
Heavy Metal,Industrial metal
Thrash Metal,Industrial metal
Rock,Industrial music
Electronic,Industrial music
Avant-Garde,Industrial music
Noise,Industrial music
Musique Concrète,Industrial music
Electroacoustic,Industrial music
Free Improvisation,Industrial music
Performance Art,Industrial music
Sound Collage,Industrial music
Tape Music,Industrial music
Futurism,Industrial music
Dada,Industrial music
Fluxus,Industrial music
Sound Poetry,Industrial music
Indeterminacy,Industrial music
Sound Art,Industrial music
Found Sound,Industrial music
Aleatoric Music,Industrial music
Actionism,Industrial music
Industrialrockpost-Punkexperimental Rockpost-Industrialnoise Rockpost-Hardcorenoise,Industrial rock
Experimental Rock,Kosmische musik
Psychedelia,Kosmische musik
Electronic,Kosmische musik
Avant-Garde,Kosmische musik
Drone,Kosmische musik
Acid Rock,Kosmische musik
Minimalism,Kosmische musik
Funk,Kosmische musik
Progressive Rock,Kosmische musik
Art Rock,Kosmische musik
Musique Concrète,Kosmische musik
Free Jazz,Kosmische musik
Tape Music,Kosmische musik
Jazz Fusion,Kosmische musik
Experimental Rock,Krautrock
Psychedelia,Krautrock
Electronic,Krautrock
Avant-Garde,Krautrock
Drone,Krautrock
Acid Rock,Krautrock
Minimalism,Krautrock
Funk,Krautrock
Progressive Rock,Krautrock
Art Rock,Krautrock
Musique Concrète,Krautrock
Free Jazz,Krautrock
Tape Music,Krautrock
Jazz Fusion,Krautrock
Jazz,Livetronica
Folk,Livetronica
Country,Livetronica
Psychedelic Rock,Livetronica
Acid Rock,Livetronica
Progressive Rock,Livetronica
Jazz Fusion,Livetronica
Blues Rock,Livetronica
Southern Rock,Livetronica
Funk,Livetronica
Electronic Music,Maidcore
Post-Rock,Maidcore
Anime Music,Maidcore
Synth-Pop,Minimal wave
Post-Punk,Minimal wave
Coldwave,Minimal wave
New Wave,Minimal wave
Punk Rock,New wave music
Pop Rock,New wave music
Power Pop,New wave music
Glam Rock,New wave music
Electronic,New wave music
Krautrock,New wave music
Pub Rock,New wave music
Art Pop,New wave music
Funk,New wave music
Reggae,New wave music
Progressive Rock,New wave music
Disco,New wave music
Bubblegum,New wave music
Art Rock,New wave music
Eurodance,Nightcore
Happy Hardcore,Nightcore
J-Pop,Nightcore
Trance,Nightcore
Jazz,Nu jazz
Electronic,Nu jazz
Funk,Nu jazz
Hip Hop,Nu jazz
Sound Collage,Plunderphonics
Electronic,Plunderphonics
Musique Concrete,Plunderphonics
Hip Hop,Plunderphonics
Turntablism,Plunderphonics
Sampledelia,Plunderphonics
Library Music,Plunderphonics
Spoken Word,Plunderphonics
Found Sound,Plunderphonics
Film Score,Plunderphonics
Public Broadcasting,Plunderphonics
Noise,Post-noise
Drone,Post-noise
Psychedelia,Post-noise
Kosmische Musik,Post-noise
New Age,Post-noise
Progressive Electronic,Post-noise
Ambient,Post-noise
Lo-Fi,Post-noise
Tape Music,Post-noise
Trance,Psybient
Psychedelia,Psybient
Goa Trance,Psybient
Ambient,Psybient
World Music,Psybient
House,Techno
Electro,Techno
Synth-Pop,Techno
Hi-Nrg,Techno
Ebm,Techno
Eurodisco,Techno
Italo Disco,Techno
Post-Disco,Techno
Disco,House music
Electronic,House music
Hi-Nrg,House music
Electro,House music
Post-Disco,House music
Synth-Pop,House music
Boogie,House music
Chiptune,House music
Euro Disco,House music
Dub,House music
Jazz,House music
Post-Punk,House music
Rara Musichouse,Rara tech
Housetechnoacid Housechill-Outpopclassicalfilm Scorehardcore Technonew-Age Musicdetroit Techno,Trance music
Electropoptranceebmtechno,Futurepop
