Source,Target,Type,Id,Label,Weight,relationship,Color
Q173844,Q20502,Directed,0,,1,subclass_of,"#000000"
Q181999,Q9778,Directed,1,,1,subclass_of,"#000000"
Q202925,Q20502,Directed,2,,1,subclass_of,"#000000"
Q325504,Q9778,Directed,3,,1,subclass_of,"#000000"
Q341364,Q20502,Directed,4,,1,subclass_of,"#000000"
Q360596,Q20502,Directed,5,,1,subclass_of,"#000000"
Q388100,Q20502,Directed,6,,1,subclass_of,"#000000"
Q598593,Q20502,Directed,7,,1,subclass_of,"#000000"
Q601235,Q20502,Directed,8,,1,subclass_of,"#000000"
Q627906,Q20502,Directed,9,,1,subclass_of,"#000000"
Q757143,Q9778,Directed,10,,1,subclass_of,"#000000"
Q780517,Q20502,Directed,11,,1,subclass_of,"#000000"
Q817138,Q9778,Directed,12,,1,subclass_of,"#000000"
Q851213,Q9778,Directed,13,,1,subclass_of,"#000000"
Q863539,Q9778,Directed,14,,1,subclass_of,"#000000"
Q874038,Q20502,Directed,15,,1,subclass_of,"#000000"
Q915152,Q20502,Directed,16,,1,subclass_of,"#000000"
Q928825,Q20502,Directed,17,,1,subclass_of,"#000000"
Q949369,Q20502,Directed,18,,1,subclass_of,"#000000"
Q956717,Q20502,Directed,19,,1,subclass_of,"#000000"
Q1071961,Q20502,Directed,20,,1,subclass_of,"#000000"
Q1326777,Q9778,Directed,21,,1,subclass_of,"#000000"
Q1403744,Q9778,Directed,22,,1,subclass_of,"#000000"
Q1415568,Q20502,Directed,23,,1,subclass_of,"#000000"
Q1455292,Q20502,Directed,24,,1,subclass_of,"#000000"
Q1585015,Q20502,Directed,25,,1,subclass_of,"#000000"
Q1634085,Q9778,Directed,26,,1,subclass_of,"#000000"
Q1658757,Q9778,Directed,27,,1,subclass_of,"#000000"
Q1840167,Q9778,Directed,28,,1,subclass_of,"#000000"
Q1931555,Q20502,Directed,29,,1,subclass_of,"#000000"
Q1938987,Q20502,Directed,30,,1,subclass_of,"#000000"
Q2304103,Q9778,Directed,31,,1,subclass_of,"#000000"
Q2342263,Q9778,Directed,32,,1,subclass_of,"#000000"
Q2465085,Q20502,Directed,33,,1,subclass_of,"#000000"
Q2626684,Q9778,Directed,34,,1,subclass_of,"#000000"
Q2702280,Q20502,Directed,35,,1,subclass_of,"#000000"
Q2748817,Q20502,Directed,36,,1,subclass_of,"#000000"
Q3032212,Q20502,Directed,37,,1,subclass_of,"#000000"
Q3050572,Q20502,Directed,38,,1,subclass_of,"#000000"
Q3056538,Q20502,Directed,39,,1,subclass_of,"#000000"
Q3476798,Q9778,Directed,40,,1,subclass_of,"#000000"
Q3876770,Q9778,Directed,41,,1,subclass_of,"#000000"
Q4059163,Q9778,Directed,42,,1,subclass_of,"#000000"
Q4736507,Q9778,Directed,43,,1,subclass_of,"#000000"
Q4852979,Q20502,Directed,44,,1,subclass_of,"#000000"
Q5071702,Q20502,Directed,45,,1,subclass_of,"#000000"
Q5358022,Q9778,Directed,46,,1,subclass_of,"#000000"
Q5502126,Q9778,Directed,47,,1,subclass_of,"#000000"
Q5551384,Q9778,Directed,48,,1,subclass_of,"#000000"
Q5597175,Q9778,Directed,49,,1,subclass_of,"#000000"
Q6865341,Q9778,Directed,50,,1,subclass_of,"#000000"
Q9298306,Q9778,Directed,51,,1,subclass_of,"#000000"
Q9373944,Q20502,Directed,52,,1,subclass_of,"#000000"
Q11308620,Q9778,Directed,53,,1,subclass_of,"#000000"
Q11693015,Q20502,Directed,54,,1,subclass_of,"#000000"
Q11696996,Q20502,Directed,55,,1,subclass_of,"#000000"
Q15300817,Q20502,Directed,56,,1,subclass_of,"#000000"
Q17231682,Q9778,Directed,57,,1,subclass_of,"#000000"
Q18342587,Q20502,Directed,58,,1,subclass_of,"#000000"
Q18358879,Q20502,Directed,59,,1,subclass_of,"#000000"
Q20021059,Q20502,Directed,60,,1,subclass_of,"#000000"
Q21260785,Q9778,Directed,61,,1,subclass_of,"#000000"
Q25407483,Q20502,Directed,62,,1,subclass_of,"#000000"
Q27345019,Q20502,Directed,63,,1,subclass_of,"#000000"
Q29973057,Q20502,Directed,64,,1,subclass_of,"#000000"
Q30917612,Q20502,Directed,65,,1,subclass_of,"#000000"
Q48770362,Q9778,Directed,66,,1,subclass_of,"#000000"
Q56342439,Q20502,Directed,67,,1,subclass_of,"#000000"
Q60729751,Q20502,Directed,68,,1,subclass_of,"#000000"
Q65937906,Q9778,Directed,69,,1,subclass_of,"#000000"
Q66686936,Q9778,Directed,70,,1,subclass_of,"#000000"
Q80725127,Q20502,Directed,71,,1,subclass_of,"#000000"
Q90568328,Q9778,Directed,72,,1,subclass_of,"#000000"
Q98528166,Q9778,Directed,73,,1,subclass_of,"#000000"
Q98804240,Q9778,Directed,74,,1,subclass_of,"#000000"
Q105763581,Q9778,Directed,75,,1,subclass_of,"#000000"
Q106369996,Q9778,Directed,76,,1,subclass_of,"#000000"
Q106422444,Q9778,Directed,77,,1,subclass_of,"#000000"
Q106528337,Q9778,Directed,78,,1,subclass_of,"#000000"
Q106574871,Q9778,Directed,79,,1,subclass_of,"#000000"
Q106576170,Q9778,Directed,80,,1,subclass_of,"#000000"
Q107486984,Q9778,Directed,81,,1,subclass_of,"#000000"
Q107697234,Q9778,Directed,82,,1,subclass_of,"#000000"
Q108297235,Q9778,Directed,83,,1,subclass_of,"#000000"
Q110593076,Q9778,Directed,84,,1,subclass_of,"#000000"
Q110593078,Q9778,Directed,85,,1,subclass_of,"#000000"
Q111387914,Q9778,Directed,86,,1,subclass_of,"#000000"
Q112997482,Q9778,Directed,87,,1,subclass_of,"#000000"
Q115063474,Q9778,Directed,88,,1,subclass_of,"#000000"
Q115200681,Q9778,Directed,89,,1,subclass_of,"#000000"
Q116985035,Q9778,Directed,90,,1,subclass_of,"#000000"
Q122216296,Q9778,Directed,91,,1,subclass_of,"#000000"
Q124851801,Q9778,Directed,92,,1,subclass_of,"#000000"
Q127470373,Q9778,Directed,93,,1,subclass_of,"#000000"
Q129098689,Q9778,Directed,94,,1,subclass_of,"#000000"
Q131286868,Q9778,Directed,95,,1,subclass_of,"#000000"
Q134983275,Q9778,Directed,96,,1,subclass_of,"#000000"
Q20474,Q114880130,Directed,97,,1,subclass_of,"#000000"
Q223840,Q1033912,Directed,98,,1,subclass_of,"#000000"
Q341364,Q898709,Directed,99,,1,subclass_of,"#000000"
Q389631,Q1033912,Directed,100,,1,subclass_of,"#000000"
Q530750,Q79784514,Directed,101,,1,subclass_of,"#000000"
Q606393,Q98528149,Directed,102,,1,subclass_of,"#000000"
Q744417,Q98528149,Directed,103,,1,subclass_of,"#000000"
Q780517,Q1165777,Directed,104,,1,subclass_of,"#000000"
Q832665,Q1033912,Directed,105,,1,subclass_of,"#000000"
Q915152,Q12200830,Directed,106,,1,subclass_of,"#000000"
Q1091450,Q4155078,Directed,107,,1,subclass_of,"#000000"
Q1243254,Q1033912,Directed,108,,1,subclass_of,"#000000"
Q1460303,Q9364028,Directed,109,,1,subclass_of,"#000000"
Q1460303,Q114880130,Directed,110,,1,subclass_of,"#000000"
Q1524033,Q898709,Directed,111,,1,subclass_of,"#000000"
Q1585015,Q1033912,Directed,112,,1,subclass_of,"#000000"
Q1585075,Q898709,Directed,113,,1,subclass_of,"#000000"
Q1751409,Q1165777,Directed,114,,1,subclass_of,"#000000"
Q1983750,Q1033912,Directed,115,,1,subclass_of,"#000000"
Q1987980,Q1165777,Directed,116,,1,subclass_of,"#000000"
Q2035976,Q135637,Directed,117,,1,subclass_of,"#000000"
Q2112253,Q12200830,Directed,118,,1,subclass_of,"#000000"
Q2260696,Q12200830,Directed,119,,1,subclass_of,"#000000"
Q2346991,Q114880130,Directed,120,,1,subclass_of,"#000000"
Q2374619,Q1033912,Directed,121,,1,subclass_of,"#000000"
Q2385862,Q12200830,Directed,122,,1,subclass_of,"#000000"
Q2608506,Q98528149,Directed,123,,1,subclass_of,"#000000"
Q3048168,Q1033912,Directed,124,,1,subclass_of,"#000000"
Q3066180,Q898709,Directed,125,,1,subclass_of,"#000000"
Q3108920,Q1100989,Directed,126,,1,subclass_of,"#000000"
Q3116754,Q1166726,Directed,127,,1,subclass_of,"#000000"
Q4846346,Q1165777,Directed,128,,1,subclass_of,"#000000"
Q4846346,Q114880130,Directed,129,,1,subclass_of,"#000000"
Q5402470,Q1033912,Directed,130,,1,subclass_of,"#000000"
Q5466607,Q114880130,Directed,131,,1,subclass_of,"#000000"
Q5510816,Q1165777,Directed,132,,1,subclass_of,"#000000"
Q6907397,Q114880130,Directed,133,,1,subclass_of,"#000000"
Q10360435,Q1166726,Directed,134,,1,subclass_of,"#000000"
Q12037719,Q1100989,Directed,135,,1,subclass_of,"#000000"
Q12042106,Q1100989,Directed,136,,1,subclass_of,"#000000"
Q18432631,Q106514601,Directed,137,,1,subclass_of,"#000000"
Q22908553,Q114880130,Directed,138,,1,subclass_of,"#000000"
Q25389262,Q12200830,Directed,139,,1,subclass_of,"#000000"
Q27345019,Q114880130,Directed,140,,1,subclass_of,"#000000"
Q28721502,Q1166726,Directed,141,,1,subclass_of,"#000000"
Q30895273,Q19938910,Directed,142,,1,subclass_of,"#000000"
Q31836693,Q114880130,Directed,143,,1,subclass_of,"#000000"
Q47781397,Q114880130,Directed,144,,1,subclass_of,"#000000"
Q56342573,Q1033912,Directed,145,,1,subclass_of,"#000000"
Q60973191,Q19938910,Directed,146,,1,subclass_of,"#000000"
Q96376113,Q110527222,Directed,147,,1,subclass_of,"#000000"
Q97178866,Q97278139,Directed,148,,1,subclass_of,"#000000"
Q105636937,Q110527222,Directed,149,,1,subclass_of,"#000000"
Q106388388,Q114880130,Directed,150,,1,subclass_of,"#000000"
Q106477753,Q114880130,Directed,151,,1,subclass_of,"#000000"
Q106576261,Q106576141,Directed,152,,1,subclass_of,"#000000"
Q106591506,Q114880130,Directed,153,,1,subclass_of,"#000000"
Q106594174,Q1033912,Directed,154,,1,subclass_of,"#000000"
Q106636289,Q11332204,Directed,155,,1,subclass_of,"#000000"
Q106654239,Q1166726,Directed,156,,1,subclass_of,"#000000"
Q107091813,Q106576141,Directed,157,,1,subclass_of,"#000000"
Q108297194,Q1191544,Directed,158,,1,subclass_of,"#000000"
Q108297232,Q4049849,Directed,159,,1,subclass_of,"#000000"
Q110127020,Q97278139,Directed,160,,1,subclass_of,"#000000"
Q110127031,Q97278139,Directed,161,,1,subclass_of,"#000000"
Q110226234,Q98528149,Directed,162,,1,subclass_of,"#000000"
Q110620412,Q19938910,Directed,163,,1,subclass_of,"#000000"
Q112663444,Q898709,Directed,164,,1,subclass_of,"#000000"
Q113600471,Q898709,Directed,165,,1,subclass_of,"#000000"
Q113600471,Q1033912,Directed,166,,1,subclass_of,"#000000"
Q114878571,Q1033912,Directed,167,,1,subclass_of,"#000000"
Q116952929,Q898709,Directed,168,,1,subclass_of,"#000000"
Q120715859,Q106514601,Directed,169,,1,subclass_of,"#000000"
Q121494463,Q79784514,Directed,170,,1,subclass_of,"#000000"
Q123009321,Q1166726,Directed,171,,1,subclass_of,"#000000"
Q123922710,Q1136045,Directed,172,,1,subclass_of,"#000000"
Q124333204,Q1166726,Directed,173,,1,subclass_of,"#000000"
Q133520038,Q848852,Directed,174,,1,subclass_of,"#000000"
Q135493744,Q114880130,Directed,175,,1,subclass_of,"#000000"
Q20502,Q851213,Directed,176,,1,subclass_of,"#000000"
Q21092,Q851213,Directed,177,,1,subclass_of,"#000000"
Q56580,Q388906,Directed,178,,1,subclass_of,"#000000"
Q170435,Q851213,Directed,179,,1,subclass_of,"#000000"
Q170611,Q851213,Directed,180,,1,subclass_of,"#000000"
Q188994,Q851213,Directed,181,,1,subclass_of,"#000000"
Q205560,Q251192,Directed,182,,1,subclass_of,"#000000"
Q216961,Q851213,Directed,183,,1,subclass_of,"#000000"
Q217597,Q851213,Directed,184,,1,subclass_of,"#000000"
Q251192,Q757143,Directed,185,,1,subclass_of,"#000000"
Q325397,Q817138,Directed,186,,1,subclass_of,"#000000"
Q339906,Q388906,Directed,187,,1,subclass_of,"#000000"
Q341396,Q388906,Directed,188,,1,subclass_of,"#000000"
Q362515,Q851213,Directed,189,,1,subclass_of,"#000000"
Q372103,Q851213,Directed,190,,1,subclass_of,"#000000"
Q382343,Q851213,Directed,191,,1,subclass_of,"#000000"
Q388906,Q851213,Directed,192,,1,subclass_of,"#000000"
Q476983,Q325504,Directed,193,,1,subclass_of,"#000000"
Q513357,Q851213,Directed,194,,1,subclass_of,"#000000"
Q602561,Q851213,Directed,195,,1,subclass_of,"#000000"
Q655514,Q851213,Directed,196,,1,subclass_of,"#000000"
Q749475,Q757143,Directed,197,,1,subclass_of,"#000000"
Q820049,Q388906,Directed,198,,1,subclass_of,"#000000"
Q828243,Q372103,Directed,199,,1,subclass_of,"#000000"
Q848457,Q388906,Directed,200,,1,subclass_of,"#000000"
Q858579,Q663519,Directed,201,,1,subclass_of,"#000000"
Q903735,Q388906,Directed,202,,1,subclass_of,"#000000"
Q922865,Q388906,Directed,203,,1,subclass_of,"#000000"
Q1091056,Q817138,Directed,204,,1,subclass_of,"#000000"
Q1136331,Q817138,Directed,205,,1,subclass_of,"#000000"
Q1191299,Q388906,Directed,206,,1,subclass_of,"#000000"
Q1242484,Q388906,Directed,207,,1,subclass_of,"#000000"
Q1259016,Q660984,Directed,208,,1,subclass_of,"#000000"
Q1265050,Q388906,Directed,209,,1,subclass_of,"#000000"
Q1435509,Q817138,Directed,210,,1,subclass_of,"#000000"
Q1455487,Q388906,Directed,211,,1,subclass_of,"#000000"
Q1585075,Q388906,Directed,212,,1,subclass_of,"#000000"
Q1585075,Q663519,Directed,213,,1,subclass_of,"#000000"
Q1756101,Q663519,Directed,214,,1,subclass_of,"#000000"
Q1890098,Q372103,Directed,215,,1,subclass_of,"#000000"
Q2181965,Q388906,Directed,216,,1,subclass_of,"#000000"
Q2396639,Q663519,Directed,217,,1,subclass_of,"#000000"
Q2406633,Q817138,Directed,218,,1,subclass_of,"#000000"
Q2465085,Q757143,Directed,219,,1,subclass_of,"#000000"
Q2478478,Q817138,Directed,220,,1,subclass_of,"#000000"
Q2549052,Q817138,Directed,221,,1,subclass_of,"#000000"
Q2634010,Q663519,Directed,222,,1,subclass_of,"#000000"
Q2638634,Q372103,Directed,223,,1,subclass_of,"#000000"
Q2693142,Q372103,Directed,224,,1,subclass_of,"#000000"
Q2866725,Q757143,Directed,225,,1,subclass_of,"#000000"
Q3098078,Q388906,Directed,226,,1,subclass_of,"#000000"
Q3492949,Q388906,Directed,227,,1,subclass_of,"#000000"
Q3501147,Q388906,Directed,228,,1,subclass_of,"#000000"
Q3538739,Q388906,Directed,229,,1,subclass_of,"#000000"
Q3613770,Q757143,Directed,230,,1,subclass_of,"#000000"
Q4155078,Q372103,Directed,231,,1,subclass_of,"#000000"
Q4852979,Q663519,Directed,232,,1,subclass_of,"#000000"
Q4993553,Q757143,Directed,233,,1,subclass_of,"#000000"
Q6658771,Q817138,Directed,234,,1,subclass_of,"#000000"
Q9260728,Q757143,Directed,235,,1,subclass_of,"#000000"
Q9615674,Q372103,Directed,236,,1,subclass_of,"#000000"
Q11334714,Q663519,Directed,237,,1,subclass_of,"#000000"
Q11680297,Q663519,Directed,238,,1,subclass_of,"#000000"
Q11830421,Q388906,Directed,239,,1,subclass_of,"#000000"
Q12629666,Q388906,Directed,240,,1,subclass_of,"#000000"
Q15957030,Q372103,Directed,241,,1,subclass_of,"#000000"
Q16837290,Q757143,Directed,242,,1,subclass_of,"#000000"
Q24077837,Q757143,Directed,243,,1,subclass_of,"#000000"
Q25099691,Q325504,Directed,244,,1,subclass_of,"#000000"
Q25389262,Q663519,Directed,245,,1,subclass_of,"#000000"
Q56342573,Q388906,Directed,246,,1,subclass_of,"#000000"
Q97265899,Q757143,Directed,247,,1,subclass_of,"#000000"
Q106521759,Q663519,Directed,248,,1,subclass_of,"#000000"
Q106522238,Q217597,Directed,249,,1,subclass_of,"#000000"
Q106528422,Q325397,Directed,250,,1,subclass_of,"#000000"
Q106594174,Q388906,Directed,251,,1,subclass_of,"#000000"
Q106594523,Q655514,Directed,252,,1,subclass_of,"#000000"
Q106636289,Q663519,Directed,253,,1,subclass_of,"#000000"
Q106641525,Q817138,Directed,254,,1,subclass_of,"#000000"
Q106653596,Q663519,Directed,255,,1,subclass_of,"#000000"
Q106653596,Q757143,Directed,256,,1,subclass_of,"#000000"
Q106922571,Q372103,Directed,257,,1,subclass_of,"#000000"
Q109538574,Q216961,Directed,258,,1,subclass_of,"#000000"
Q110584468,Q217597,Directed,259,,1,subclass_of,"#000000"
Q110584608,Q217597,Directed,260,,1,subclass_of,"#000000"
Q110874814,Q663519,Directed,261,,1,subclass_of,"#000000"
Q112663444,Q388906,Directed,262,,1,subclass_of,"#000000"
Q113510667,Q388906,Directed,263,,1,subclass_of,"#000000"
Q114878405,Q217597,Directed,264,,1,subclass_of,"#000000"
Q115456684,Q757143,Directed,265,,1,subclass_of,"#000000"
Q121494463,Q325504,Directed,266,,1,subclass_of,"#000000"
Q122839839,Q388906,Directed,267,,1,subclass_of,"#000000"
Q123543092,Q388906,Directed,268,,1,subclass_of,"#000000"
Q124791567,Q325504,Directed,269,,1,subclass_of,"#000000"
Q125854043,Q388906,Directed,270,,1,subclass_of,"#000000"
Q127471087,Q388906,Directed,271,,1,subclass_of,"#000000"
Q127471087,Q660984,Directed,272,,1,subclass_of,"#000000"
Q136696186,Q388906,Directed,273,,1,subclass_of,"#000000"
Q423918,Q1326777,Directed,274,,1,subclass_of,"#000000"
Q660984,Q851213,Directed,275,,1,subclass_of,"#000000"
Q663519,Q851213,Directed,276,,1,subclass_of,"#000000"
Q823560,Q1326777,Directed,277,,1,subclass_of,"#000000"
Q848852,Q851213,Directed,278,,1,subclass_of,"#000000"
Q861823,Q851213,Directed,279,,1,subclass_of,"#000000"
Q888137,Q851213,Directed,280,,1,subclass_of,"#000000"
Q898709,Q851213,Directed,281,,1,subclass_of,"#000000"
Q1033912,Q851213,Directed,282,,1,subclass_of,"#000000"
Q1136045,Q851213,Directed,283,,1,subclass_of,"#000000"
Q1143744,Q98528166,Directed,284,,1,subclass_of,"#000000"
Q1165777,Q851213,Directed,285,,1,subclass_of,"#000000"
Q1166726,Q851213,Directed,286,,1,subclass_of,"#000000"
Q1191544,Q851213,Directed,287,,1,subclass_of,"#000000"
Q1262781,Q2478478,Directed,288,,1,subclass_of,"#000000"
Q1325944,Q851213,Directed,289,,1,subclass_of,"#000000"
Q1661924,Q851213,Directed,290,,1,subclass_of,"#000000"
Q1866223,Q1326777,Directed,291,,1,subclass_of,"#000000"
Q1976128,Q2549052,Directed,292,,1,subclass_of,"#000000"
Q2406633,Q851213,Directed,293,,1,subclass_of,"#000000"
Q2467789,Q851213,Directed,294,,1,subclass_of,"#000000"
Q2866725,Q851213,Directed,295,,1,subclass_of,"#000000"
Q3039303,Q851213,Directed,296,,1,subclass_of,"#000000"
Q3108920,Q851213,Directed,297,,1,subclass_of,"#000000"
Q3587612,Q1326777,Directed,298,,1,subclass_of,"#000000"
Q3613770,Q2478478,Directed,299,,1,subclass_of,"#000000"
Q4045538,Q851213,Directed,300,,1,subclass_of,"#000000"
Q4049849,Q851213,Directed,301,,1,subclass_of,"#000000"
Q4155078,Q1403744,Directed,302,,1,subclass_of,"#000000"
Q5071702,Q98528166,Directed,303,,1,subclass_of,"#000000"
Q5320459,Q5551384,Directed,304,,1,subclass_of,"#000000"
Q5716953,Q851213,Directed,305,,1,subclass_of,"#000000"
Q7844612,Q851213,Directed,306,,1,subclass_of,"#000000"
Q7844612,Q98528166,Directed,307,,1,subclass_of,"#000000"
Q9364028,Q851213,Directed,308,,1,subclass_of,"#000000"
Q10293901,Q851213,Directed,309,,1,subclass_of,"#000000"
Q11332204,Q851213,Directed,310,,1,subclass_of,"#000000"
Q12200830,Q851213,Directed,311,,1,subclass_of,"#000000"
Q16625659,Q2342263,Directed,312,,1,subclass_of,"#000000"
Q17146868,Q851213,Directed,313,,1,subclass_of,"#000000"
Q18379604,Q851213,Directed,314,,1,subclass_of,"#000000"
Q19358266,Q851213,Directed,315,,1,subclass_of,"#000000"
Q19358266,Q98528166,Directed,316,,1,subclass_of,"#000000"
Q19938910,Q851213,Directed,317,,1,subclass_of,"#000000"
Q21006606,Q851213,Directed,318,,1,subclass_of,"#000000"
Q24077837,Q2478478,Directed,319,,1,subclass_of,"#000000"
Q25408203,Q851213,Directed,320,,1,subclass_of,"#000000"
Q30594541,Q851213,Directed,321,,1,subclass_of,"#000000"
Q30902501,Q851213,Directed,322,,1,subclass_of,"#000000"
Q55641646,Q851213,Directed,323,,1,subclass_of,"#000000"
Q55641735,Q851213,Directed,324,,1,subclass_of,"#000000"
Q56276781,Q851213,Directed,325,,1,subclass_of,"#000000"
Q65330805,Q851213,Directed,326,,1,subclass_of,"#000000"
Q65937774,Q851213,Directed,327,,1,subclass_of,"#000000"
Q79784514,Q11308620,Directed,328,,1,subclass_of,"#000000"
Q80480981,Q3876770,Directed,329,,1,subclass_of,"#000000"
Q90730712,Q4059163,Directed,330,,1,subclass_of,"#000000"
Q97278139,Q1634085,Directed,331,,1,subclass_of,"#000000"
Q98528149,Q851213,Directed,332,,1,subclass_of,"#000000"
Q98528171,Q6865341,Directed,333,,1,subclass_of,"#000000"
Q100922002,Q851213,Directed,334,,1,subclass_of,"#000000"
Q101109587,Q851213,Directed,335,,1,subclass_of,"#000000"
Q104602773,Q851213,Directed,336,,1,subclass_of,"#000000"
Q105636940,Q65937906,Directed,337,,1,subclass_of,"#000000"
Q105672644,Q851213,Directed,338,,1,subclass_of,"#000000"
Q106130091,Q851213,Directed,339,,1,subclass_of,"#000000"
Q106514601,Q851213,Directed,340,,1,subclass_of,"#000000"
Q106520965,Q851213,Directed,341,,1,subclass_of,"#000000"
Q106547179,Q851213,Directed,342,,1,subclass_of,"#000000"
Q106576141,Q851213,Directed,343,,1,subclass_of,"#000000"
Q106876075,Q851213,Directed,344,,1,subclass_of,"#000000"
Q107505833,Q1136331,Directed,345,,1,subclass_of,"#000000"
Q107697201,Q851213,Directed,346,,1,subclass_of,"#000000"
Q107985638,Q11308620,Directed,347,,1,subclass_of,"#000000"
Q108297187,Q851213,Directed,348,,1,subclass_of,"#000000"
Q108297243,Q851213,Directed,349,,1,subclass_of,"#000000"
Q109469638,Q851213,Directed,350,,1,subclass_of,"#000000"
Q109589387,Q851213,Directed,351,,1,subclass_of,"#000000"
Q109873537,Q851213,Directed,352,,1,subclass_of,"#000000"
Q110391587,Q851213,Directed,353,,1,subclass_of,"#000000"
Q110527222,Q851213,Directed,354,,1,subclass_of,"#000000"
Q110620412,Q2626684,Directed,355,,1,subclass_of,"#000000"
Q111442385,Q851213,Directed,356,,1,subclass_of,"#000000"
Q112997482,Q90568328,Directed,357,,1,subclass_of,"#000000"
Q114443489,Q851213,Directed,358,,1,subclass_of,"#000000"
Q114880130,Q851213,Directed,359,,1,subclass_of,"#000000"
Q115890848,Q851213,Directed,360,,1,subclass_of,"#000000"
Q116314630,Q90568328,Directed,361,,1,subclass_of,"#000000"
Q117193818,Q1634085,Directed,362,,1,subclass_of,"#000000"
Q117198196,Q851213,Directed,363,,1,subclass_of,"#000000"
Q120484427,Q851213,Directed,364,,1,subclass_of,"#000000"
Q122932896,Q851213,Directed,365,,1,subclass_of,"#000000"
Q126335126,Q851213,Directed,366,,1,subclass_of,"#000000"
Q126728409,Q90568328,Directed,367,,1,subclass_of,"#000000"
Q131286868,Q1326777,Directed,368,,1,subclass_of,"#000000"
Q131529620,Q851213,Directed,369,,1,subclass_of,"#000000"
Q132324210,Q851213,Directed,370,,1,subclass_of,"#000000"
Q134380635,Q851213,Directed,371,,1,subclass_of,"#000000"
Q135437136,Q851213,Directed,372,,1,subclass_of,"#000000"
Q733804,Q890887,Directed,373,,1,subclass_of,"#000000"
Q750811,Q598593,Directed,374,,1,subclass_of,"#000000"
Q828243,Q1298934,Directed,375,,1,subclass_of,"#000000"
Q835131,Q622871,Directed,376,,1,subclass_of,"#000000"
Q1228230,Q627906,Directed,377,,1,subclass_of,"#000000"
Q1521688,Q2748817,Directed,378,,1,subclass_of,"#000000"
Q2365784,Q627906,Directed,379,,1,subclass_of,"#000000"
Q2385862,Q622871,Directed,380,,1,subclass_of,"#000000"
Q2452152,Q622871,Directed,381,,1,subclass_of,"#000000"
Q2497323,Q622871,Directed,382,,1,subclass_of,"#000000"
Q3474944,Q1298934,Directed,383,,1,subclass_of,"#000000"
Q5655695,Q3032212,Directed,384,,1,subclass_of,"#000000"
Q5655695,Q30917612,Directed,385,,1,subclass_of,"#000000"
Q6081528,Q1585015,Directed,386,,1,subclass_of,"#000000"
Q9348934,Q890887,Directed,387,,1,subclass_of,"#000000"
Q9356246,Q622871,Directed,388,,1,subclass_of,"#000000"
Q10286190,Q622871,Directed,389,,1,subclass_of,"#000000"
Q11319210,Q1298934,Directed,390,,1,subclass_of,"#000000"
Q11339397,Q1298934,Directed,391,,1,subclass_of,"#000000"
Q11691380,Q627906,Directed,392,,1,subclass_of,"#000000"
Q11831728,Q1585015,Directed,393,,1,subclass_of,"#000000"
Q11877639,Q627906,Directed,394,,1,subclass_of,"#000000"
Q11882045,Q2260696,Directed,395,,1,subclass_of,"#000000"
Q20047305,Q627906,Directed,396,,1,subclass_of,"#000000"
Q22964975,Q118324067,Directed,397,,1,subclass_of,"#000000"
Q24885387,Q2748817,Directed,398,,1,subclass_of,"#000000"
Q24941533,Q1298934,Directed,399,,1,subclass_of,"#000000"
Q25389065,Q622871,Directed,400,,1,subclass_of,"#000000"
Q97277483,Q928825,Directed,401,,1,subclass_of,"#000000"
Q106423092,Q2271846,Directed,402,,1,subclass_of,"#000000"
Q106493832,Q20021059,Directed,403,,1,subclass_of,"#000000"
Q106493832,Q85748774,Directed,404,,1,subclass_of,"#000000"
Q106522190,Q1585015,Directed,405,,1,subclass_of,"#000000"
Q106634926,Q20021059,Directed,406,,1,subclass_of,"#000000"
Q108555812,Q874038,Directed,407,,1,subclass_of,"#000000"
Q108555812,Q18358879,Directed,408,,1,subclass_of,"#000000"
Q109713845,Q622871,Directed,409,,1,subclass_of,"#000000"
Q109713928,Q622871,Directed,410,,1,subclass_of,"#000000"
Q109713947,Q622871,Directed,411,,1,subclass_of,"#000000"
Q109714050,Q622871,Directed,412,,1,subclass_of,"#000000"
Q109714096,Q622871,Directed,413,,1,subclass_of,"#000000"
Q110526770,Q915152,Directed,414,,1,subclass_of,"#000000"
Q110526823,Q627906,Directed,415,,1,subclass_of,"#000000"
Q110526823,Q915152,Directed,416,,1,subclass_of,"#000000"
Q111678759,Q202925,Directed,417,,1,subclass_of,"#000000"
Q111971801,Q107090501,Directed,418,,1,subclass_of,"#000000"
Q112829330,Q598593,Directed,419,,1,subclass_of,"#000000"
Q113493820,Q627906,Directed,420,,1,subclass_of,"#000000"
Q114809047,Q890887,Directed,421,,1,subclass_of,"#000000"
Q114878571,Q27345019,Directed,422,,1,subclass_of,"#000000"
Q116745991,Q85741139,Directed,423,,1,subclass_of,"#000000"
Q122474184,Q85748774,Directed,424,,1,subclass_of,"#000000"
Q122474257,Q598593,Directed,425,,1,subclass_of,"#000000"
Q123413364,Q388100,Directed,426,,1,subclass_of,"#000000"
Q124151378,Q1339027,Directed,427,,1,subclass_of,"#000000"
Q127606323,Q29973057,Directed,428,,1,subclass_of,"#000000"
Q127606347,Q29973057,Directed,429,,1,subclass_of,"#000000"
Q127606355,Q29973057,Directed,430,,1,subclass_of,"#000000"
Q127606361,Q29973057,Directed,431,,1,subclass_of,"#000000"
Q127606370,Q29973057,Directed,432,,1,subclass_of,"#000000"
Q127606375,Q29973057,Directed,433,,1,subclass_of,"#000000"
Q127606386,Q29973057,Directed,434,,1,subclass_of,"#000000"
Q127606390,Q29973057,Directed,435,,1,subclass_of,"#000000"
Q127606394,Q388100,Directed,436,,1,subclass_of,"#000000"
Q127606411,Q29973057,Directed,437,,1,subclass_of,"#000000"
Q130474681,Q598593,Directed,438,,1,subclass_of,"#000000"
Q135369460,Q956717,Directed,439,,1,subclass_of,"#000000"
Q20903,Q20474,Directed,440,,1,subclass_of,"#000000"
Q2428625,Q223840,Directed,441,,1,subclass_of,"#000000"
Q2611143,Q223840,Directed,442,,1,subclass_of,"#000000"
Q2963621,Q20474,Directed,443,,1,subclass_of,"#000000"
Q3538739,Q1524033,Directed,444,,1,subclass_of,"#000000"
Q4706203,Q835131,Directed,445,,1,subclass_of,"#000000"
Q4852979,Q107091813,Directed,446,,1,subclass_of,"#000000"
Q4965901,Q107091813,Directed,447,,1,subclass_of,"#000000"
Q11319232,Q11319210,Directed,448,,1,subclass_of,"#000000"
Q18393891,Q20474,Directed,449,,1,subclass_of,"#000000"
Q21000514,Q223840,Directed,450,,1,subclass_of,"#000000"
Q24876318,Q20903,Directed,451,,1,subclass_of,"#000000"
Q65065491,Q20474,Directed,452,,1,subclass_of,"#000000"
Q65065491,Q20903,Directed,453,,1,subclass_of,"#000000"
Q80480981,Q20474,Directed,454,,1,subclass_of,"#000000"
Q98076452,Q744417,Directed,455,,1,subclass_of,"#000000"
Q98528158,Q20474,Directed,456,,1,subclass_of,"#000000"
Q105404852,Q2452152,Directed,457,,1,subclass_of,"#000000"
Q106404229,Q20474,Directed,458,,1,subclass_of,"#000000"
Q106528420,Q20903,Directed,459,,1,subclass_of,"#000000"
Q106577542,Q22908553,Directed,460,,1,subclass_of,"#000000"
Q106594102,Q107091813,Directed,461,,1,subclass_of,"#000000"
Q106636283,Q106636289,Directed,462,,1,subclass_of,"#000000"
Q107407607,Q47781397,Directed,463,,1,subclass_of,"#000000"
Q108197774,Q20903,Directed,464,,1,subclass_of,"#000000"
Q108297232,Q106423092,Directed,465,,1,subclass_of,"#000000"
Q108297238,Q223840,Directed,466,,1,subclass_of,"#000000"
Q109335331,Q20474,Directed,467,,1,subclass_of,"#000000"
Q109714084,Q10286190,Directed,468,,1,subclass_of,"#000000"
Q109715091,Q10286190,Directed,469,,1,subclass_of,"#000000"
Q109715837,Q2385862,Directed,470,,1,subclass_of,"#000000"
Q109753757,Q47781397,Directed,471,,1,subclass_of,"#000000"
Q110967939,Q5466607,Directed,472,,1,subclass_of,"#000000"
Q111628716,Q47781397,Directed,473,,1,subclass_of,"#000000"
Q111653578,Q47781397,Directed,474,,1,subclass_of,"#000000"
Q111971785,Q47781397,Directed,475,,1,subclass_of,"#000000"
Q113621229,Q2374619,Directed,476,,1,subclass_of,"#000000"
Q114107195,Q2452152,Directed,477,,1,subclass_of,"#000000"
Q114594005,Q21000514,Directed,478,,1,subclass_of,"#000000"
Q114743580,Q223840,Directed,479,,1,subclass_of,"#000000"
Q115690999,Q65065491,Directed,480,,1,subclass_of,"#000000"
Q117405746,Q113600471,Directed,481,,1,subclass_of,"#000000"
Q117750973,Q2374619,Directed,482,,1,subclass_of,"#000000"
Q118798959,Q20474,Directed,483,,1,subclass_of,"#000000"
Q119259589,Q20903,Directed,484,,1,subclass_of,"#000000"
Q122910849,Q47781397,Directed,485,,1,subclass_of,"#000000"
Q123421084,Q20903,Directed,486,,1,subclass_of,"#000000"
Q125799361,Q106423092,Directed,487,,1,subclass_of,"#000000"
Q125854043,Q106423092,Directed,488,,1,subclass_of,"#000000"
Q130301602,Q1228230,Directed,489,,1,subclass_of,"#000000"
Q136206123,Q223840,Directed,490,,1,subclass_of,"#000000"
Q136539124,Q65065491,Directed,491,,1,subclass_of,"#000000"
Q137442001,Q113600471,Directed,492,,1,subclass_of,"#000000"
Q46649,Q188994,Directed,493,,1,subclass_of,"#000000"
Q341395,Q170611,Directed,494,,1,subclass_of,"#000000"
Q481900,Q170435,Directed,495,,1,subclass_of,"#000000"
Q526463,Q170611,Directed,496,,1,subclass_of,"#000000"
Q622871,Q170435,Directed,497,,1,subclass_of,"#000000"
Q646165,Q188994,Directed,498,,1,subclass_of,"#000000"
Q832665,Q170435,Directed,499,,1,subclass_of,"#000000"
Q890887,Q170435,Directed,500,,1,subclass_of,"#000000"
Q930592,Q216961,Directed,501,,1,subclass_of,"#000000"
Q967654,Q188994,Directed,502,,1,subclass_of,"#000000"
Q1027999,Q170435,Directed,503,,1,subclass_of,"#000000"
Q1102161,Q188994,Directed,504,,1,subclass_of,"#000000"
Q1136765,Q170435,Directed,505,,1,subclass_of,"#000000"
Q1166321,Q188994,Directed,506,,1,subclass_of,"#000000"
Q1335569,Q188994,Directed,507,,1,subclass_of,"#000000"
Q1339027,Q170435,Directed,508,,1,subclass_of,"#000000"
Q1430587,Q170611,Directed,509,,1,subclass_of,"#000000"
Q1738175,Q170611,Directed,510,,1,subclass_of,"#000000"
Q2076779,Q216961,Directed,511,,1,subclass_of,"#000000"
Q2082572,Q188994,Directed,512,,1,subclass_of,"#000000"
Q2112253,Q170611,Directed,513,,1,subclass_of,"#000000"
Q2121992,Q188994,Directed,514,,1,subclass_of,"#000000"
Q2260696,Q170435,Directed,515,,1,subclass_of,"#000000"
Q2302695,Q170435,Directed,516,,1,subclass_of,"#000000"
Q2460288,Q170435,Directed,517,,1,subclass_of,"#000000"
Q2615500,Q188994,Directed,518,,1,subclass_of,"#000000"
Q2640307,Q188994,Directed,519,,1,subclass_of,"#000000"
Q2693142,Q170611,Directed,520,,1,subclass_of,"#000000"
Q3084222,Q170611,Directed,521,,1,subclass_of,"#000000"
Q3179786,Q188994,Directed,522,,1,subclass_of,"#000000"
Q4040357,Q188994,Directed,523,,1,subclass_of,"#000000"
Q4181927,Q188994,Directed,524,,1,subclass_of,"#000000"
Q5402470,Q170435,Directed,525,,1,subclass_of,"#000000"
Q5801257,Q170435,Directed,526,,1,subclass_of,"#000000"
Q7845403,Q170611,Directed,527,,1,subclass_of,"#000000"
Q9356246,Q170611,Directed,528,,1,subclass_of,"#000000"
Q9364029,Q170611,Directed,529,,1,subclass_of,"#000000"
Q10268931,Q188994,Directed,530,,1,subclass_of,"#000000"
Q10541010,Q170611,Directed,531,,1,subclass_of,"#000000"
Q10856835,Q170611,Directed,532,,1,subclass_of,"#000000"
Q11334714,Q170435,Directed,533,,1,subclass_of,"#000000"
Q11877639,Q170435,Directed,534,,1,subclass_of,"#000000"
Q16837290,Q170435,Directed,535,,1,subclass_of,"#000000"
Q22909461,Q170611,Directed,536,,1,subclass_of,"#000000"
Q24876318,Q188994,Directed,537,,1,subclass_of,"#000000"
Q27961199,Q21092,Directed,538,,1,subclass_of,"#000000"
Q29480448,Q170611,Directed,539,,1,subclass_of,"#000000"
Q30765672,Q170611,Directed,540,,1,subclass_of,"#000000"
Q30912999,Q170611,Directed,541,,1,subclass_of,"#000000"
Q30917047,Q170435,Directed,542,,1,subclass_of,"#000000"
Q85741139,Q20502,Directed,543,,1,subclass_of,"#000000"
Q85748774,Q20502,Directed,544,,1,subclass_of,"#000000"
Q86674318,Q170611,Directed,545,,1,subclass_of,"#000000"
Q98088041,Q20502,Directed,546,,1,subclass_of,"#000000"
Q105636937,Q170611,Directed,547,,1,subclass_of,"#000000"
Q105636940,Q20502,Directed,548,,1,subclass_of,"#000000"
Q105637110,Q20502,Directed,549,,1,subclass_of,"#000000"
Q106404300,Q188994,Directed,550,,1,subclass_of,"#000000"
Q106521662,Q170611,Directed,551,,1,subclass_of,"#000000"
Q106522080,Q170611,Directed,552,,1,subclass_of,"#000000"
Q106522098,Q20502,Directed,553,,1,subclass_of,"#000000"
Q106634944,Q20502,Directed,554,,1,subclass_of,"#000000"
Q107010574,Q188994,Directed,555,,1,subclass_of,"#000000"
Q107090501,Q20502,Directed,556,,1,subclass_of,"#000000"
Q107332291,Q188994,Directed,557,,1,subclass_of,"#000000"
Q107697041,Q20502,Directed,558,,1,subclass_of,"#000000"
Q107697221,Q170611,Directed,559,,1,subclass_of,"#000000"
Q108297203,Q20502,Directed,560,,1,subclass_of,"#000000"
Q108321657,Q20502,Directed,561,,1,subclass_of,"#000000"
Q108610259,Q20502,Directed,562,,1,subclass_of,"#000000"
Q108610706,Q20502,Directed,563,,1,subclass_of,"#000000"
Q108831582,Q170435,Directed,564,,1,subclass_of,"#000000"
Q109146989,Q20502,Directed,565,,1,subclass_of,"#000000"
Q109148913,Q20502,Directed,566,,1,subclass_of,"#000000"
Q109378734,Q20502,Directed,567,,1,subclass_of,"#000000"
Q109538574,Q20502,Directed,568,,1,subclass_of,"#000000"
Q110101956,Q20502,Directed,569,,1,subclass_of,"#000000"
Q110127020,Q170435,Directed,570,,1,subclass_of,"#000000"
Q110185782,Q170611,Directed,571,,1,subclass_of,"#000000"
Q110584483,Q188994,Directed,572,,1,subclass_of,"#000000"
Q110967939,Q188994,Directed,573,,1,subclass_of,"#000000"
Q111182811,Q170611,Directed,574,,1,subclass_of,"#000000"
Q111804002,Q188994,Directed,575,,1,subclass_of,"#000000"
Q112663444,Q170611,Directed,576,,1,subclass_of,"#000000"
Q114238485,Q188994,Directed,577,,1,subclass_of,"#000000"
Q114878405,Q170611,Directed,578,,1,subclass_of,"#000000"
Q116296482,Q20502,Directed,579,,1,subclass_of,"#000000"
Q116875230,Q20502,Directed,580,,1,subclass_of,"#000000"
Q119438497,Q20502,Directed,581,,1,subclass_of,"#000000"
Q123753500,Q20502,Directed,582,,1,subclass_of,"#000000"
Q124791567,Q188994,Directed,583,,1,subclass_of,"#000000"
Q126175574,Q20502,Directed,584,,1,subclass_of,"#000000"
Q127470401,Q170611,Directed,585,,1,subclass_of,"#000000"
Q130474688,Q170435,Directed,586,,1,subclass_of,"#000000"
Q130474689,Q170435,Directed,587,,1,subclass_of,"#000000"
Q134997891,Q170435,Directed,588,,1,subclass_of,"#000000"
Q135637,Q106422444,Directed,589,,1,subclass_of,"#000000"
Q188450,Q116985035,Directed,590,,1,subclass_of,"#000000"
Q202925,Q106576170,Directed,591,,1,subclass_of,"#000000"
Q341364,Q106528337,Directed,592,,1,subclass_of,"#000000"
Q341395,Q106528337,Directed,593,,1,subclass_of,"#000000"
Q341396,Q106528337,Directed,594,,1,subclass_of,"#000000"
Q481900,Q106528337,Directed,595,,1,subclass_of,"#000000"
Q655514,Q116985035,Directed,596,,1,subclass_of,"#000000"
Q773880,Q106422444,Directed,597,,1,subclass_of,"#000000"
Q773880,Q116985035,Directed,598,,1,subclass_of,"#000000"
Q784310,Q116985035,Directed,599,,1,subclass_of,"#000000"
Q1100989,Q105763581,Directed,600,,1,subclass_of,"#000000"
Q1298934,Q116985035,Directed,601,,1,subclass_of,"#000000"
Q1980100,Q106422444,Directed,602,,1,subclass_of,"#000000"
Q2271846,Q106422444,Directed,603,,1,subclass_of,"#000000"
Q2634010,Q106528337,Directed,604,,1,subclass_of,"#000000"
Q3503814,Q105763581,Directed,605,,1,subclass_of,"#000000"
Q3736049,Q105763581,Directed,606,,1,subclass_of,"#000000"
Q16002495,Q105763581,Directed,607,,1,subclass_of,"#000000"
Q16894106,Q106422444,Directed,608,,1,subclass_of,"#000000"
Q19358266,Q116985035,Directed,609,,1,subclass_of,"#000000"
Q23301960,Q116985035,Directed,610,,1,subclass_of,"#000000"
Q28055053,Q116985035,Directed,611,,1,subclass_of,"#000000"
Q98528139,Q106576170,Directed,612,,1,subclass_of,"#000000"
Q104695865,Q116985035,Directed,613,,1,subclass_of,"#000000"
Q106388388,Q106369996,Directed,614,,1,subclass_of,"#000000"
Q106424145,Q106422444,Directed,615,,1,subclass_of,"#000000"
Q108297242,Q105763581,Directed,616,,1,subclass_of,"#000000"
Q108907695,Q105763581,Directed,617,,1,subclass_of,"#000000"
Q109378734,Q116985035,Directed,618,,1,subclass_of,"#000000"
Q110527222,Q105763581,Directed,619,,1,subclass_of,"#000000"
Q110584468,Q105763581,Directed,620,,1,subclass_of,"#000000"
Q110942239,Q106422444,Directed,621,,1,subclass_of,"#000000"
Q111540473,Q105763581,Directed,622,,1,subclass_of,"#000000"
Q118324067,Q106422444,Directed,623,,1,subclass_of,"#000000"
Q123009321,Q106369996,Directed,624,,1,subclass_of,"#000000"
Q123753500,Q112997482,Directed,625,,1,subclass_of,"#000000"
Q125455905,Q112997482,Directed,626,,1,subclass_of,"#000000"
Q127470401,Q106576170,Directed,627,,1,subclass_of,"#000000"
Q130474681,Q98528166,Directed,628,,1,subclass_of,"#000000"
Q131529620,Q107697234,Directed,629,,1,subclass_of,"#000000"
Q307054,Q3084222,Directed,630,,1,subclass_of,"#000000"
Q724755,Q820049,Directed,631,,1,subclass_of,"#000000"
Q1102871,Q46649,Directed,632,,1,subclass_of,"#000000"
Q1262781,Q106521662,Directed,633,,1,subclass_of,"#000000"
Q1275972,Q903735,Directed,634,,1,subclass_of,"#000000"
Q1524033,Q3084222,Directed,635,,1,subclass_of,"#000000"
Q1983750,Q820049,Directed,636,,1,subclass_of,"#000000"
Q2374619,Q339906,Directed,637,,1,subclass_of,"#000000"
Q2710523,Q1102161,Directed,638,,1,subclass_of,"#000000"
Q2842043,Q2615500,Directed,639,,1,subclass_of,"#000000"
Q3048168,Q3084222,Directed,640,,1,subclass_of,"#000000"
Q3062629,Q848457,Directed,641,,1,subclass_of,"#000000"
Q3066180,Q339906,Directed,642,,1,subclass_of,"#000000"
Q3501147,Q820049,Directed,643,,1,subclass_of,"#000000"
Q4177625,Q1585075,Directed,644,,1,subclass_of,"#000000"
Q4637208,Q339906,Directed,645,,1,subclass_of,"#000000"
Q4637208,Q1585075,Directed,646,,1,subclass_of,"#000000"
Q5978495,Q903735,Directed,647,,1,subclass_of,"#000000"
Q9011351,Q2615500,Directed,648,,1,subclass_of,"#000000"
Q9149801,Q106521662,Directed,649,,1,subclass_of,"#000000"
Q11312853,Q848457,Directed,650,,1,subclass_of,"#000000"
Q11693017,Q1585075,Directed,651,,1,subclass_of,"#000000"
Q11830421,Q1166321,Directed,652,,1,subclass_of,"#000000"
Q16951912,Q29480448,Directed,653,,1,subclass_of,"#000000"
Q30919272,Q2615500,Directed,654,,1,subclass_of,"#000000"
Q106577108,Q1890098,Directed,655,,1,subclass_of,"#000000"
Q108716407,Q1166321,Directed,656,,1,subclass_of,"#000000"
Q109322851,Q903735,Directed,657,,1,subclass_of,"#000000"
Q109589387,Q930592,Directed,658,,1,subclass_of,"#000000"
Q110127031,Q205560,Directed,659,,1,subclass_of,"#000000"
Q111540473,Q1102161,Directed,660,,1,subclass_of,"#000000"
Q113621229,Q3098078,Directed,661,,1,subclass_of,"#000000"
Q114238485,Q3084222,Directed,662,,1,subclass_of,"#000000"
Q124357128,Q820049,Directed,663,,1,subclass_of,"#000000"
Q124846645,Q820049,Directed,664,,1,subclass_of,"#000000"
Q130325403,Q106522238,Directed,665,,1,subclass_of,"#000000"
Q135396723,Q848457,Directed,666,,1,subclass_of,"#000000"
Q135396809,Q848457,Directed,667,,1,subclass_of,"#000000"
Q135437342,Q106404300,Directed,668,,1,subclass_of,"#000000"
Q135553474,Q106404300,Directed,669,,1,subclass_of,"#000000"
Q28458027,Q11831728,Directed,670,,1,subclass_of,"#000000"
Q109713720,Q106528420,Directed,671,,1,subclass_of,"#000000"
Q113621229,Q106577542,Directed,672,,1,subclass_of,"#000000"
Q132165415,Q733804,Directed,673,,1,subclass_of,"#000000"
